id,terminalName,name,installed,locked,temporary,lat,lng
7,A32000,Fan Pier,TRUE,FALSE,FALSE,42.353412,-71.044624
8,A32001,Union Square - Brighton Ave. at Cambridge St.,TRUE,FALSE,FALSE,42.353334,-71.137313
9,A32002,Agganis Arena - 925 Comm Ave.,TRUE,FALSE,FALSE,42.351313,-71.116174
10,A32003,B.U. Central - 725 Comm. Ave.,TRUE,FALSE,FALSE,42.350075,-71.105884
11,A32004,Longwood Ave / Binney St,TRUE,FALSE,FALSE,42.338629,-71.1065
15,A32005,Harvard Real Estate - Brighton Mills - 370 Western Ave,TRUE,FALSE,FALSE,42.361667,-71.13802
17,A32006,Harvard University Housing - 111 Western Ave. at Soldiers Field Park ,TRUE,FALSE,FALSE,42.365074,-71.119581
18,A32007,Harvard Real Estate - 219 Western Ave. at North Harvard St.,TRUE,FALSE,FALSE,42.36337,-71.129791
19,A32008,Buswell Park,TRUE,FALSE,FALSE,42.347527,-71.105828
25,A32009,Tremont St / W Newton St,TRUE,FALSE,FALSE,42.341332,-71.076847
22,A32010,South Station - 700 Atlantic Ave.,TRUE,FALSE,FALSE,42.352175,-71.055547
29,A32011,Innovation Lab - 125 Western Ave. at Batten Way,TRUE,FALSE,FALSE,42.363732,-71.124565
41,A32012,Packard's Corner - Comm. Ave. at Brighton Ave.,TRUE,FALSE,FALSE,42.352261,-71.123831
66,A32017,Allston Green District - Commonwealth Ave & Griggs St,TRUE,FALSE,FALSE,42.348607,-71.13401
52,B32000,Newbury St / Hereford St,TRUE,FALSE,FALSE,42.348717,-71.085954
12,B32002,Ruggles Station / Columbus Ave.,TRUE,FALSE,FALSE,42.335911,-71.088496
14,B32003,Louis Pasteur / Longwood Ave,TRUE,FALSE,FALSE,42.337171,-71.102797
20,B32004,Aquarium Station - 200 Atlantic Ave.,TRUE,FALSE,FALSE,42.35977,-71.051601
46,B32005,Christian Science Plaza,TRUE,FALSE,FALSE,42.343864,-71.085918
3,B32006,Colleges of the Fenway,TRUE,FALSE,FALSE,42.340021,-71.100812
24,B32007,Seaport Square - Seaport Blvd. at Boston Wharf,TRUE,FALSE,FALSE,42.351821,-71.045461
23,B32008,Mayor Thomas M. Menino - Government Center,TRUE,FALSE,FALSE,42.359677,-71.059364
34,B32009,Overland St at Brookline Ave,TRUE,FALSE,FALSE,42.346171,-71.099855
33,B32010,Kenmore Sq / Comm Ave,TRUE,FALSE,FALSE,42.349046,-71.096831
45,B32011,Yawkey Way at Boylston St.,TRUE,FALSE,FALSE,42.344763,-71.09788
5,B32012,Northeastern U / North Parking Lot,TRUE,FALSE,FALSE,42.341814,-71.090179
30,B32013,Brigham Cir / Huntington Ave,TRUE,FALSE,FALSE,42.334073,-71.105221
31,B32014,Seaport Hotel,TRUE,FALSE,FALSE,42.348833,-71.041747
32,B32015,Landmark Centre,TRUE,FALSE,FALSE,42.343912,-71.102221
53,B32016,Beacon St / Mass Ave,TRUE,FALSE,FALSE,42.350851,-71.089886
56,B32017,Dudley Square,TRUE,FALSE,FALSE,42.3281898,-71.0833545
55,B32018,Boylston / Mass Ave,TRUE,FALSE,FALSE,42.347265,-71.088088
62,B32019,Longwood Ave/Riverway,TRUE,FALSE,FALSE,42.340299,-71.109927
4,C32000,Tremont St. at Berkeley St.,TRUE,FALSE,FALSE,42.345392,-71.069616
27,C32001,Roxbury Crossing Station,TRUE,FALSE,FALSE,42.331567,-71.094734
13,C32002,Boston Medical Center - 721 Mass. Ave.,TRUE,FALSE,FALSE,42.334057,-71.07403
16,C32003,Back Bay / South End Station,TRUE,FALSE,FALSE,42.347433,-71.076163
57,C32004,Columbus Ave. at Mass. Ave.,TRUE,FALSE,FALSE,42.340799,-71.081572
51,C32005,Washington St. at Lenox St.,TRUE,FALSE,FALSE,42.3348756,-71.0790969
39,C32006,Washington St. at Rutland St.,TRUE,FALSE,FALSE,42.338623,-71.074182
21,C32007,Prudential Center / Belvidere,TRUE,FALSE,FALSE,42.345959,-71.082578
61,C32008,Boylston at Fairfield,TRUE,FALSE,FALSE,42.348323,-71.082674
63,C32009,Dorchester Ave. at Gillette Park,TRUE,FALSE,FALSE,42.344023,-71.057054
64,C32010,Congress / Sleeper,TRUE,FALSE,FALSE,42.3511,-71.0496
83,C32011,South Bay Plaza,TRUE,FALSE,FALSE,42.325941,-71.065928
85,C32012,Andrew Station - Dorchester Ave at Humboldt Pl,TRUE,FALSE,FALSE,42.330825,-71.057007
93,C32013,JFK / UMASS Station,TRUE,FALSE,FALSE,42.320494,-71.051122
92,C32014,University of Massachusetts Boston,TRUE,FALSE,FALSE,42.311819,-71.035705
6,D32000,Cambridge St. at Joy St.,TRUE,FALSE,FALSE,42.361285,-71.06514
37,D32001,New Balance - 38 Guest St.,TRUE,FALSE,FALSE,42.357247,-71.146452
26,D32002,Washington St. at Waltham St.,TRUE,FALSE,FALSE,42.341522,-71.068922
38,D32003,TD Garden - Legends Way,TRUE,FALSE,FALSE,42.366231,-71.060868
35,D32004,Summer St. / Arch St.,TRUE,FALSE,FALSE,42.354594,-71.05896
36,D32005,Boston Public Library - 700 Boylston St.,TRUE,FALSE,FALSE,42.349673,-71.077303
40,D32006,Lewis Wharf - Atlantic Ave.,TRUE,FALSE,FALSE,42.363871,-71.050877
42,D32007,Boylston St. at Arlington St.,TRUE,FALSE,FALSE,42.352096,-71.070378
43,D32008,Rowes Wharf - Atlantic Ave,TRUE,FALSE,FALSE,42.357143,-71.050699
44,D32009,Faneuil Hall - Union St. at North St.,TRUE,FALSE,FALSE,42.360583,-71.056868
47,D32010,Cross St. at Hanover St.,TRUE,FALSE,FALSE,42.362811,-71.056067
49,D32011,Stuart St. at Charles St.,TRUE,FALSE,FALSE,42.351146,-71.066289
48,D32012,Post Office Square,TRUE,FALSE,FALSE,42.356755,-71.055407
50,D32013,Boylston St / Berkeley St,TRUE,FALSE,FALSE,42.350989,-71.073644
54,D32014,Tremont St / West St,TRUE,FALSE,FALSE,42.354979,-71.063348
59,D32015,Chinatown Gate Plaza - Surface Rd. at Beach St.,TRUE,FALSE,FALSE,42.351356,-71.059367
60,D32016,Charles Circle - Charles St. at Cambridge St.,TRUE,FALSE,FALSE,42.360877,-71.07131
58,D32017,The Esplanade - Beacon St. at Arlington St.,TRUE,FALSE,FALSE,42.355596,-71.07278
65,D32018,Boston Convention & Exhibition Center,TRUE,FALSE,FALSE,42.3475,-71.0441
81,D32019,Boylston St / Washington St,TRUE,FALSE,FALSE,42.352409,-71.062679
94,D32020,Charlestown - Main St at Austin St,TRUE,FALSE,FALSE,42.375603,-71.064608
98,D32021,Charlestown - Warren St at Chelsea St,TRUE,FALSE,FALSE,42.371848,-71.060292
69,K32001,Coolidge Corner - Beacon St @ Centre St,TRUE,FALSE,FALSE,42.341598,-71.123338
82,K32002,Brookline Town Hall / Library Washington St,TRUE,FALSE,FALSE,42.333689,-71.120526
86,K32003,Brookline Village - Station Street @ MBTA,TRUE,FALSE,FALSE,42.332799,-71.116205
90,M32001,Lechmere Station at Cambridge St / First St,TRUE,FALSE,FALSE,42.3707,-71.07711
91,M32002,One Kendall Square at Hampshire St / Portland St,TRUE,FALSE,FALSE,42.366277,-71.09169
72,M32003,One Broadway / Kendall Sq at Main St / 3rd St,TRUE,FALSE,FALSE,42.362613,-71.084105
80,M32005,MIT Stata Center at Vassar St / Main St,TRUE,FALSE,FALSE,42.362429,-71.090188
67,M32006,MIT at Mass Ave / Amherst St,TRUE,FALSE,FALSE,42.3581,-71.093198
95,M32007,Cambridge St - at Columbia St / Webster Ave,TRUE,FALSE,FALSE,42.372969,-71.094445
75,M32009,Lafayette Square at Mass Ave / Main St / Columbia St,TRUE,FALSE,FALSE,42.363562,-71.10042
88,M32010,Inman Square at Vellucci Plaza / Hampshire St,TRUE,FALSE,FALSE,42.374035,-71.101427
68,M32011,Central Square at Mass Ave / Essex St,TRUE,FALSE,FALSE,42.36507,-71.1031
76,M32012,Central Sq Post Office / Cambridge City Hall at Mass Ave / Pleasant St,TRUE,FALSE,FALSE,42.366426,-71.105495
96,M32013,Cambridge Main Library at Broadway / Trowbridge St,TRUE,FALSE,FALSE,42.373379,-71.111075
87,M32014,Harvard University Housing - 115 Putnam Ave at Peabody Terrace,TRUE,FALSE,FALSE,42.366621,-71.114214
97,M32015,Harvard  University River Houses at DeWolfe St / Cowperthwaite St,TRUE,FALSE,FALSE,42.369182,-71.117152
70,M32016,Harvard Kennedy School at Bennett St / Eliot St,TRUE,FALSE,FALSE,42.372244,-71.121851
73,M32017,Harvard Square at Brattle St / Eliot St,TRUE,FALSE,FALSE,42.373231,-71.120886
74,M32018,Harvard Square at Mass Ave/ Dunster,TRUE,FALSE,FALSE,42.373268,-71.118579
84,M32019,CambridgeSide Galleria - CambridgeSide PL at Land Blvd,TRUE,FALSE,FALSE,42.366981,-71.076472
89,M32020,Harvard Law School at Mass Ave / Jarvis St,TRUE,FALSE,FALSE,42.379011,-71.119945
77,S32001,Somerville City Hall,TRUE,FALSE,FALSE,42.386428,-71.096413
78,S32002,Union Square - Somerville,TRUE,FALSE,FALSE,42.379637,-71.095319
79,S32003,Beacon St at Washington / Kirkland,TRUE,FALSE,FALSE,42.378551,-71.106541
71,S32004,Conway Park - Somerville Avenue,TRUE,FALSE,FALSE,42.383405,-71.107593
